<?xml version="1.0" encoding="UTF-8" standalone="yes"?>
<addon id="script.module.webdriver"
		name="Web Drivers for Selenium"
		version="1.1.3.007"
		provider-name="YDRAGON">
	<requires>
		<import addon="xbmc.python" version="3.0.0" />
		<import addon="script.module.requests" version="2.22.0"/>
		<import addon="script.module.beautifulsoup4" version="4.8.2"/>
	</requires>
	<extension point="xbmc.python.library" library="default.py"/>
	<extension point="xbmc.addon.metadata">
		<platform>all</platform>
		<summary lang="en_gb">Web Drivers for Selenium.</summary>
		<summary lang="ru_RU">Веб драйвера для Selenium.</summary>
		<summary lang="uk_UA">Веб драйвера для Selenium.</summary>
		<description lang="en_gb">Web Drivers for Selenium.</description>
		<description lang="ru_RU">Веб драйвера для Selenium.</description>
		<description lang="uk_UA">Веб драйвера для Selenium.</description>
		<platform>all</platform>
		<email>nkvoronov@gmail.com</email>
		<source>https://github.com/nkvoronov/script.module.webdriver.git</source>
		<assets>
			<icon>resources/icon.png</icon>
		</assets>
	</extension>
</addon>
