<?xml version="1.0" encoding="UTF-8" standalone="yes"?>
<addon id="plugin.image.pdf2reader" name="PDF to Reader" version="2.0.4.006" provider-name="YDRAGON">
	<requires>
		<import addon="xbmc.python" version="3.0.0"/>
		<import addon="script.module.pdf2image" version="1.4.2"/>
	</requires>
	<extension point="xbmc.python.pluginsource" library="addon.py">
		<provides>image</provides>
	</extension>
	<extension point="xbmc.addon.metadata">
		<language>en</language>
		<platform>all</platform>
		<summary lang="en_GB">PDF Reader</summary>
		<summary lang="ru_RU">PDF Reader</summary>
		<summary lang="uk_UA">PDF Reader</summary>
		<description lang="en_GB">Read your pdf's.</description>
		<description lang="ru_RU">Прочитайте свой PDF.</description>
		<description lang="uk_UA">Прочитайте свій PDF.</description>
		<platform>all</platform>
		<license>GPL 2.0</license>
		<email>nkvoronov@gmail.com</email>
		<source>https://github.com/nkvoronov/plugin.image.pdf2reader.git</source>
		<assets>
			<icon>resources/icon.png</icon>
			<fanart>resources/fanart.jpg</fanart>
		</assets>
	</extension>
</addon>
