<?xml version="1.0" encoding="UTF-8" standalone="yes"?>
<addon id="script.module.urlresolver" name="URLResolver" version="5.1.4.023" provider-name="Eldorado, tknorris, tvaddons, YDRAGON">
	<requires>
        <!-- <import addon="xbmc.python" version="3.0.0" /> -->
        <import addon="script.module.six" version="0.0.1"/>
		<import addon="plugin.video.youtube" optional="true" />
		<import addon="script.module.python.twitch" optional="true" />
		<import addon="script.module.cryptopy" version="1.2.6" optional="true" />
		<import addon="plugin.video.gdrive" optional="true" />
	</requires>
	<extension point="xbmc.python.module" library="lib" />
	<extension point="xbmc.python.pluginsource" library="lib/default.py" />
	<extension point="xbmc.addon.metadata">
		<platform>all</platform>
		<summary lang="en_GB">Resolve common video host URL's to be playable in XBMC/Kodi.</summary>
		<summary lang="ru_RU">Разрешите общие URL-адреса хостов видео для воспроизведения в XBMC/Kodi.</summary>
		<summary lang="uk_UA">Дозвольте загальні URL-адреси хостів відео для відтворення в XBMC/Kodi.</summary>		
		<description lang="en_GB">Resolve common video host URL's to be playable in XBMC/Kodi, simplify addon development of video plugins requiring multi video hosts.</description>
		<description lang="ru_RU">Разрешение общих URL-адресов хостов видео для воспроизведения в XBMC/Kodi, упрощение разработки дополнений для видео-плагинов, требующих нескольких хостов видео.</description>
		<description lang="uk_UA">Дозвіл загальних URL-адрес хостів відео для відтворення в XBMC/Kodi, спрощення розробки додатків для відео-плагінів, які потребують декількох хостів відео.</description>
		<forum>https://www.tvaddons.co/forums</forum>
		<website>https://www.tvaddons.co</website>
		<email>nkvoronov@gmail.com</email>
		<source>https://github.com/nkvoronov/script.module.urlresolver.git</source>
		<assets>
			<icon>resources/icon.png</icon>
			<fanart>resources/fanart.jpg</fanart>
		</assets>
	</extension>
</addon>
