<?xml version="1.0" encoding="UTF-8" standalone="yes"?>
<addon id="plugin.image.pdf2reader" name="PDF to Reader" version="1.0.3.002" provider-name="YDRAGON">
  <requires>
    <import addon="xbmc.python" version="2.18.0"/>
    <import addon="script.module.pdf2image" version="1.4.1"/>
  </requires>
  <extension point="xbmc.python.pluginsource" library="addon.py">
    <provides>image</provides>
  </extension>
  <extension point="xbmc.addon.metadata">
    <language>en</language>
    <platform>all</platform>
    <summary lang="en">PDF Reader</summary>
    <description lang="en">Read your pdf's.</description>
    <platform>all</platform>
	<license>GPL 2.0</license>
  </extension>
</addon>
