<?xml version="1.0" encoding="UTF-8" standalone="yes"?>
<addon id="script.module.webvideonodes"
		name="Web Video Nodes"
		version="1.7.8"
		provider-name="YDRAGON">
	<requires>
		<import addon="xbmc.python" version="2.1.0" />
		<import addon="script.module.selenium" version="3.141.59" />
		<import addon="script.module.webdriver" version="1.0.0" />
	</requires>
	<extension point="xbmc.python.module" library="lib" />
	<extension point="xbmc.addon.metadata">
		<platform>all</platform>
		<summary lang="en_gb">Web Video Nodes.</summary>
		<summary lang="ru_RU">Web Video Nodes.</summary>
		<summary lang="uk_UA">Web Video Nodes.</summary>
		<description lang="en_gb">Web Video Nodes.</description>
		<description lang="ru_RU">Web Video Nodes.</description>
		<description lang="uk_UA">Web Video Nodes.</description>
		<license>GNU GENERAL PUBLIC LICENSE. Version 2, June 1991</license>
		<platform>all</platform>
		<email>nkvoronov@gmail.com</email>
		<source>https://github.com/nkvoronov/script.module.webvideonodes.git</source>
		<assets>
			<icon>resources/icon.png</icon>
		</assets>
	</extension>
</addon>
